,id,ident,type,name,latitude_deg,longitude_deg,elevation_ft,continent,iso_country,iso_region,municipality,scheduled_service,gps_code,iata_code,local_code,home_link,wikipedia_link,keywords
29175,16091,KABQ,large_airport,Albuquerque International Sunport,35.040199,-106.609001,5355.0,,US,US-NM,Albuquerque,yes,KABQ,ABQ,ABQ,http://www.abqsunport.com/,https://en.wikipedia.org/wiki/Albuquerque_International_Sunport,
29194,3364,KADW,large_airport,Joint Base Andrews,38.810798999999996,-76.866997,280.0,,US,US-MD,Camp Springs,no,KADW,ADW,ADW,http://www.jba.af.mil/,https://en.wikipedia.org/wiki/Joint_Base_Andrews,Andrews Air Force Base
29207,3366,KAFW,large_airport,Fort Worth Alliance Airport,32.9875984192,-97.3188018799,722.0,,US,US-TX,Fort Worth,no,KAFW,AFW,AFW,http://www.allianceairport.com/,https://en.wikipedia.org/wiki/Fort_Worth_Alliance_Airport,
29211,3368,KAGS,large_airport,Augusta Regional At Bush Field,33.36989974975586,-81.9645004272461,144.0,,US,US-GA,Augusta,yes,KAGS,AGS,AGS,,https://en.wikipedia.org/wiki/Augusta_Regional_Airport,
29244,3377,KAMA,large_airport,Rick Husband Amarillo International Airport,35.219398,-101.706001,3607.0,,US,US-TX,Amarillo,yes,KAMA,AMA,AMA,http://airport.amarillo.gov/,https://en.wikipedia.org/wiki/Rick_Husband_Amarillo_International_Airport,
29297,3384,KATL,large_airport,Hartsfield Jackson Atlanta International Airport,33.6367,-84.428101,1026.0,,US,US-GA,Atlanta,yes,KATL,ATL,ATL,http://www.atlanta-airport.com/,https://en.wikipedia.org/wiki/Hartsfield–Jackson_Atlanta_International_Airport,
29306,3386,KAUS,large_airport,Austin Bergstrom International Airport,30.194499969482425,-97.6698989868164,542.0,,US,US-TX,Austin,yes,KAUS,AUS,AUS,http://www.ci.austin.tx.us/austinairport/,https://en.wikipedia.org/wiki/Austin-Bergstrom_International_Airport,
29310,3387,KAVL,large_airport,Asheville Regional Airport,35.436199,-82.541801,2165.0,,US,US-NC,Asheville,yes,KAVL,AVL,AVL,,https://en.wikipedia.org/wiki/Asheville_Regional_Airport,
29334,3391,KBAB,large_airport,Beale Air Force Base,39.136100769,-121.43699646,113.0,,US,US-CA,Marysville,no,KBAB,BAB,BAB,,https://en.wikipedia.org/wiki/Beale_Air_Force_Base,
29335,3392,KBAD,large_airport,Barksdale Air Force Base,32.5018005371,-93.6626968384,166.0,,US,US-LA,Bossier City,no,KBAD,BAD,BAD,,https://en.wikipedia.org/wiki/Barksdale_Air_Force_Base,
29352,3396,KBDL,large_airport,Bradley International Airport,41.9388999939,-72.68319702149999,173.0,,US,US-CT,Hartford,yes,KBDL,BDL,BDL,http://www.bradleyairport.com/,https://en.wikipedia.org/wiki/Bradley_International_Airport,"HFD, Hartford"
29367,3401,KBFI,large_airport,Boeing Field King County International Airport,47.52999877929688,-122.302001953125,21.0,,US,US-WA,Seattle,yes,KBFI,BFI,BFI,,https://en.wikipedia.org/wiki/Boeing_Field,
29377,3405,KBGR,large_airport,Bangor International Airport,44.80739974975586,-68.82810211181639,192.0,,US,US-ME,Bangor,yes,KBGR,BGR,BGR,,https://en.wikipedia.org/wiki/Bangor_International_Airport,
29382,3406,KBHM,large_airport,Birmingham-Shuttlesworth International Airport,33.56290054,-86.75350189,650.0,,US,US-AL,Birmingham,yes,KBHM,BHM,BHM,http://www.flybirmingham.com/,https://en.wikipedia.org/wiki/Birmingham_International_Airport_(US),
29388,3408,KBIL,large_airport,Billings Logan International Airport,45.807701110839844,-108.54299926757812,3652.0,,US,US-MT,Billings,yes,KBIL,BIL,BIL,,https://en.wikipedia.org/wiki/Billings_Logan_International_Airport,
29410,3417,KBLV,large_airport,Scott AFB/Midamerica Airport,38.5452,-89.835197,459.0,,US,US-IL,Belleville,yes,KBLV,BLV,BLV,,https://en.wikipedia.org/wiki/Scott_Air_Force_Base,Scott Air Force Base
29414,3419,KBMI,large_airport,Central Illinois Regional Airport at Bloomington-Normal,40.47710037,-88.91590118,871.0,,US,US-IL,Bloomington/Normal,yes,KBMI,BMI,BMI,,https://en.wikipedia.org/wiki/Central_Illinois_Regional_Airport,
29418,3420,KBNA,large_airport,Nashville International Airport,36.1245002746582,-86.6781997680664,599.0,,US,US-TN,Nashville,yes,KBNA,BNA,BNA,,https://en.wikipedia.org/wiki/Nashville_International_Airport,
29423,3421,KBOI,large_airport,Boise Air Terminal/Gowen Field,43.5644,-116.223,2871.0,,US,US-ID,Boise,yes,KBOI,BOI,BOI,http://www.cityofboise.org/departments/airport/,https://en.wikipedia.org/wiki/Boise_Airport,"Boise Air Terminal, Gowen Field"
29424,3422,KBOS,large_airport,General Edward Lawrence Logan International Airport,42.36429977,-71.00520325,20.0,,US,US-MA,Boston,yes,KBOS,BOS,BOS,http://www.massport.com/logan/,https://en.wikipedia.org/wiki/Logan_International_Airport,General Edward Lawrence Logan International Airport
29449,3431,KBUF,large_airport,Buffalo Niagara International Airport,42.94049835,-78.73220062,728.0,,US,US-NY,Buffalo,yes,KBUF,BUF,BUF,,https://en.wikipedia.org/wiki/Buffalo_Niagara_International_Airport,
29463,3435,KBWI,large_airport,Baltimore/Washington International Thurgood Marshall Airport,39.1754,-76.668297,146.0,,US,US-MD,Baltimore,yes,KBWI,BWI,BWI,https://www.bwiairport.com/,https://en.wikipedia.org/wiki/Baltimore%E2%80%93Washington_International_Airport,WAS
29502,3438,KCAE,large_airport,Columbia Metropolitan Airport,33.93880081176758,-81.11949920654297,236.0,,US,US-SC,Columbia,yes,KCAE,CAE,CAE,,https://en.wikipedia.org/wiki/Columbia_Metropolitan_Airport,
29512,3441,KCBM,large_airport,Columbus Air Force Base,33.643798828099996,-88.44380187990002,219.0,,US,US-MS,Columbus,no,KCBM,CBM,CBM,,https://en.wikipedia.org/wiki/Columbus_Air_Force_Base,
29550,3448,KCHA,large_airport,Lovell Field,35.03530120849609,-85.20379638671875,683.0,,US,US-TN,Chattanooga,yes,KCHA,CHA,CHA,,https://en.wikipedia.org/wiki/Chattanooga_Metropolitan_Airport,
29557,3450,KCHS,large_airport,Charleston Air Force Base-International Airport,32.89860153,-80.04049683,46.0,,US,US-SC,Charleston,yes,KCHS,CHS,CHS,,https://en.wikipedia.org/wiki/Charleston_International_Airport,Charleston Air Force Base
29561,3451,KCID,large_airport,The Eastern Iowa Airport,41.88470077514648,-91.71080017089844,869.0,,US,US-IA,Cedar Rapids,yes,KCID,CID,CID,,https://en.wikipedia.org/wiki/The_Eastern_Iowa_Airport,
29578,3454,KCLE,large_airport,Cleveland Hopkins International Airport,41.411701202399996,-81.8498001099,791.0,,US,US-OH,Cleveland,yes,KCLE,CLE,CLE,http://www.clevelandairport.com/,https://en.wikipedia.org/wiki/Cleveland_Hopkins_International_Airport,
29585,3457,KCLT,large_airport,Charlotte Douglas International Airport,35.2140007019043,-80.94309997558594,748.0,,US,US-NC,Charlotte,yes,KCLT,CLT,CLT,http://www.charlotteairport.com/,https://en.wikipedia.org/wiki/Charlotte/Douglas_International_Airport,
29588,3458,KCMH,large_airport,John Glenn Columbus International Airport,39.998001,-82.891899,815.0,,US,US-OH,Columbus,yes,KCMH,CMH,CMH,https://flycolumbus.com/,https://en.wikipedia.org/wiki/Port_Columbus_International_Airport,
29611,3463,KCOS,large_airport,City of Colorado Springs Municipal Airport,38.805801,-104.70099599999999,6187.0,,US,US-CO,Colorado Springs,no,KCOS,COS,COS,https://flycos.coloradosprings.gov/,https://en.wikipedia.org/wiki/Colorado_Springs_Airport,
29631,3466,KCRP,large_airport,Corpus Christi International Airport,27.77039909362793,-97.5011978149414,44.0,,US,US-TX,Corpus Christi,yes,KCRP,CRP,CRP,,https://en.wikipedia.org/wiki/Corpus_Christi_International_Airport,
29635,3467,KCRW,large_airport,Yeager Airport,38.37310028076172,-81.59320068359375,981.0,,US,US-WV,Charleston,yes,KCRW,CRW,CRW,,https://en.wikipedia.org/wiki/Yeager_Airport,
29654,3471,KCVG,large_airport,Cincinnati Northern Kentucky International Airport,39.048801,-84.667801,896.0,,US,US-KY,Cincinnati / Covington,yes,KCVG,CVG,CVG,,https://en.wikipedia.org/wiki/Cincinnati/Northern_Kentucky_International_Airport,
29658,3473,KCVS,large_airport,Cannon Air Force Base,34.3828010559,-103.321998596,4295.0,,US,US-NM,Clovis,no,KCVS,CVS,CVS,http://www.cannon.af.mil/,https://en.wikipedia.org/wiki/Cannon_Air_Force_Base,
29710,3478,KDAB,large_airport,Daytona Beach International Airport,29.179899,-81.058098,34.0,,US,US-FL,Daytona Beach,yes,KDAB,DAB,DAB,,https://en.wikipedia.org/wiki/Daytona_Beach_International_Airport,
29713,3479,KDAL,large_airport,Dallas Love Field,32.847099,-96.851799,487.0,,US,US-TX,Dallas,yes,KDAL,DAL,DAL,http://www.dallas-lovefield.com/,https://en.wikipedia.org/wiki/Dallas_Love_Field,QDF
29716,3481,KDAY,large_airport,James M Cox Dayton International Airport,39.90240097045898,-84.21939849853516,1009.0,,US,US-OH,Dayton,yes,KDAY,DAY,DAY,,https://en.wikipedia.org/wiki/Dayton_International_Airport,
29718,3482,KDBQ,large_airport,Dubuque Regional Airport,42.40200043,-90.70950317,1077.0,,US,US-IA,Dubuque,yes,KDBQ,DBQ,DBQ,,https://en.wikipedia.org/wiki/Dubuque_Regional_Airport,
29719,3483,KDCA,large_airport,Ronald Reagan Washington National Airport,38.8521,-77.037697,15.0,,US,US-DC,Washington,yes,KDCA,DCA,DCA,http://www.flyreagan.com/dca/reagan-national-airport,https://en.wikipedia.org/wiki/Ronald_Reagan_Washington_National_Airport,WAS
29728,3486,KDEN,large_airport,Denver International Airport,39.861698150635,-104.672996521,5431.0,,US,US-CO,Denver,yes,KDEN,DEN,DEN,http://www.flydenver.com/,https://en.wikipedia.org/wiki/Denver_International_Airport,"DVX, KVDX"
29733,3488,KDFW,large_airport,Dallas Fort Worth International Airport,32.896801,-97.038002,607.0,,US,US-TX,Dallas-Fort Worth,yes,KDFW,DFW,DFW,https://www.dfwairport.com/,https://en.wikipedia.org/wiki/Dallas/Fort_Worth_International_Airport,QDF
29745,3490,KDLF,large_airport,Laughlin Air Force Base,29.359501,-100.778002,1082.0,,US,US-TX,Del Rio,no,KDLF,DLF,DLF,http://www.laughlin.af.mil/,https://en.wikipedia.org/wiki/Laughlin_Air_Force_Base,"Laughlin AFB, Laughlin Field, DLF Airport"
29746,3491,KDLH,large_airport,Duluth International Airport,46.8420982361,-92.19360351559999,1428.0,,US,US-MN,Duluth,yes,KDLH,DLH,DLH,http://www.duluthairport.com/,https://en.wikipedia.org/wiki/Duluth_International_Airport,"LKI, Duluth Air National Guard Base, Lakeside AFB"
29760,3494,KDOV,large_airport,Dover Air Force Base,39.12950134,-75.46600342,24.0,,US,US-DE,Dover,no,KDOV,DOV,DOV,http://www.dover.af.mil/,https://en.wikipedia.org/wiki/Dover_Air_Force_Base,"Municipal Airport - Dover Airdrome, Dover Army Airbase, Dover Army Airfield"
29774,3496,KDSM,large_airport,Des Moines International Airport,41.53400039672852,-93.66310119628906,958.0,,US,US-IA,Des Moines,yes,KDSM,DSM,DSM,,https://en.wikipedia.org/wiki/Des_Moines_International_Airport,
29781,3497,KDTW,large_airport,Detroit Metropolitan Wayne County Airport,42.212398529052734,-83.35340118408203,645.0,,US,US-MI,Detroit,yes,KDTW,DTW,DTW,http://www.metroairport.com/,https://en.wikipedia.org/wiki/Detroit_Metropolitan_Wayne_County_Airport,"DTT, Detroit Metro Airport"
29806,3499,KDYS,large_airport,Dyess Air Force Base,32.4207992554,-99.85459899899999,1789.0,,US,US-TX,Abilene,no,KDYS,DYS,DYS,http://www.dyess.af.mil/,https://en.wikipedia.org/wiki/Dyess_Air_Force_Base,
30178,3503,KEDW,large_airport,Edwards Air Force Base,34.905398999999996,-117.884003,2312.0,,US,US-CA,Edwards,no,KEDW,EDW,EDW,,https://en.wikipedia.org/wiki/Edwards_Air_Force_Base,
30223,3513,KEND,large_airport,Vance Air Force Base,36.339199066199996,-97.9164962769,1307.0,,US,US-OK,Enid,no,KEND,END,END,http://www.vance.af.mil/,https://en.wikipedia.org/wiki/Vance_Air_Force_Base,
30235,3515,KERI,large_airport,Erie International Tom Ridge Field,42.0831270134,-80.1738667488,732.0,,US,US-PA,Erie,yes,KERI,ERI,ERI,,https://en.wikipedia.org/wiki/Erie_International_Airport,
30260,3521,KEWR,large_airport,Newark Liberty International Airport,40.69250106811523,-74.168701171875,18.0,,US,US-NJ,Newark,yes,KEWR,EWR,EWR,http://www.panynj.gov/CommutingTravel/airports/html/newarkliberty.html,https://en.wikipedia.org/wiki/Newark_Liberty_International_Airport,"Manhattan, New York City, NYC"
30347,3528,KFFO,large_airport,Wright-Patterson Air Force Base,39.8260993958,-84.04830169680001,823.0,,US,US-OH,Dayton,no,KFFO,FFO,FFO,http://www.wpafb.af.mil/,https://en.wikipedia.org/wiki/Wright-Patterson_Air_Force_Base,"Wilbur Wright Field, Fairfield Air Depot"
30364,3531,KFLL,large_airport,Fort Lauderdale Hollywood International Airport,26.072599,-80.152702,9.0,,US,US-FL,Fort Lauderdale,yes,KFLL,FLL,FLL,http://www.broward.org/airport,https://en.wikipedia.org/wiki/Fort_Lauderdale–Hollywood_International_Airport,"MFW, South Florida"
30399,3543,KFSM,large_airport,Fort Smith Regional Airport,35.33660125732422,-94.36740112304688,469.0,,US,US-AR,Fort Smith,yes,KFSM,FSM,FSM,,https://en.wikipedia.org/wiki/Fort_Smith_Regional_Airport,
30407,3545,KFTW,large_airport,Fort Worth Meacham International Airport,32.819801,-97.36239599999999,710.0,,US,US-TX,Fort Worth,no,KFTW,FTW,FTW,http://meacham.com/,https://en.wikipedia.org/wiki/Fort_Worth_Meacham_International_Airport,
30412,3547,KFWA,large_airport,Fort Wayne International Airport,40.97850037,-85.19509888,814.0,,US,US-IN,Fort Wayne,yes,KFWA,FWA,FWA,https://fwairport.com/,https://en.wikipedia.org/wiki/Fort_Wayne_International_Airport,Baer Field
30493,3552,KGEG,large_airport,Spokane International Airport,47.61989974975586,-117.53399658203124,2376.0,,US,US-WA,Spokane,yes,KGEG,GEG,GEG,,https://en.wikipedia.org/wiki/Spokane_International_Airport,
30540,3561,KGPT,large_airport,Gulfport Biloxi International Airport,30.40730094909668,-89.07009887695312,28.0,,US,US-MS,Gulfport,yes,KGPT,GPT,GPT,,https://en.wikipedia.org/wiki/Gulfport-Biloxi_International_Airport,
30543,3562,KGRB,large_airport,Austin Straubel International Airport,44.48509979248047,-88.12960052490234,695.0,,US,US-WI,Green Bay,yes,KGRB,GRB,GRB,,https://en.wikipedia.org/wiki/Austin_Straubel_International_Airport,
30552,3567,KGSB,large_airport,Seymour Johnson Air Force Base,35.33940125,-77.96060181,109.0,,US,US-NC,Goldsboro,no,KGSB,GSB,GSB,http://www.seymourjohnson.af.mil/,https://en.wikipedia.org/wiki/Seymour_Johnson_Air_Force_Base,
30554,3568,KGSO,large_airport,Piedmont Triad International Airport,36.097801208496094,-79.93730163574219,925.0,,US,US-NC,Greensboro,yes,KGSO,GSO,GSO,,https://en.wikipedia.org/wiki/Piedmont_Triad_International_Airport,
30555,3569,KGSP,large_airport,Greenville Spartanburg International Airport,34.895698547399995,-82.2189025879,964.0,,US,US-SC,Greenville,yes,KGSP,GSP,GSP,,https://en.wikipedia.org/wiki/Greenville-Spartanburg_International_Airport,
30565,3573,KGUS,large_airport,Grissom Air Reserve Base,40.648101806599996,-86.15209960940001,812.0,,US,US-IN,Peru,no,KGUS,GUS,GUS,http://www.grissom.afrc.af.mil/,https://en.wikipedia.org/wiki/Grissom_Air_Reserve_Base,
30644,3579,KHIB,large_airport,Range Regional Airport,47.38660049,-92.83899689,1354.0,,US,US-MN,Hibbing,yes,KHIB,HIB,HIB,,https://en.wikipedia.org/wiki/Range_Regional_Airport,Chisholm Hibbing Airport
30664,3584,KHMN,large_airport,Holloman Air Force Base,32.8525009155,-106.107002258,4093.0,,US,US-NM,Alamogordo,no,KHMN,HMN,HMN,http://www.holloman.af.mil/,https://en.wikipedia.org/wiki/Holloman_Air_Force_Base,Alamogordo AAF
30678,3588,KHOU,large_airport,William P Hobby Airport,29.64539909,-95.27890015,46.0,,US,US-TX,Houston,yes,KHOU,HOU,HOU,http://www.fly2houston.com/hobbyHome,https://en.wikipedia.org/wiki/William_P._Hobby_Airport,QHO
30702,3594,KHSV,large_airport,Huntsville International Carl T Jones Field,34.637199401855,-86.775100708008,629.0,,US,US-AL,Huntsville,yes,KHSV,HSV,HSV,http://www.flyhuntsville.com/portal/#.VbaG-_lVhBc,https://en.wikipedia.org/wiki/Huntsville_International_Airport,
30706,3595,KHTS,large_airport,Tri-State/Milton J. Ferguson Field,38.36669922,-82.55799866,828.0,,US,US-WV,Huntington,yes,KHTS,HTS,HTS,,https://en.wikipedia.org/wiki/Tri-State_Airport,
30772,3602,KIAD,large_airport,Washington Dulles International Airport,38.9445,-77.455803,312.0,,US,US-VA,"Washington, DC",yes,KIAD,IAD,IAD,http://www.mwaa.com/dulles/,https://en.wikipedia.org/wiki/Washington_Dulles_International_Airport,WAS
30774,3604,KIAH,large_airport,George Bush Intercontinental Houston Airport,29.98439979553223,-95.34140014648438,97.0,,US,US-TX,Houston,yes,KIAH,IAH,IAH,http://www.fly2houston.com/iah,https://en.wikipedia.org/wiki/George_Bush_Intercontinental_Airport,QHO
30779,3605,KICT,large_airport,Wichita Eisenhower National Airport,37.649899,-97.433098,1333.0,,US,US-KS,Wichita,yes,KICT,ICT,ICT,,https://en.wikipedia.org/wiki/Wichita_Dwight_D._Eisenhower_National_Airport,
30809,3610,KIND,large_airport,Indianapolis International Airport,39.7173,-86.294403,797.0,,US,US-IN,Indianapolis,yes,KIND,IND,IND,http://www.indianapolisairport.com/,https://en.wikipedia.org/wiki/Indianapolis_International_Airport,
30847,3619,KJAN,large_airport,Jackson-Medgar Wiley Evers International Airport,32.3111991882,-90.0758972168,346.0,,US,US-MS,Jackson,yes,KJAN,JAN,JAN,,https://en.wikipedia.org/wiki/Jackson-Evers_International_Airport,
30850,3620,KJAX,large_airport,Jacksonville International Airport,30.49410057067871,-81.68789672851562,30.0,,US,US-FL,Jacksonville,yes,KJAX,JAX,JAX,,https://en.wikipedia.org/wiki/Jacksonville_International_Airport,
30858,3622,KJFK,large_airport,John F Kennedy International Airport,40.639801,-73.7789,13.0,,US,US-NY,New York,yes,KJFK,JFK,JFK,https://www.jfkairport.com/,https://en.wikipedia.org/wiki/John_F._Kennedy_International_Airport,"Manhattan, New York City, NYC, Idlewild"
30866,3623,KJLN,large_airport,Joplin Regional Airport,37.151798248291016,-94.49829864501952,981.0,,US,US-MO,Joplin,yes,KJLN,JLN,JLN,,https://en.wikipedia.org/wiki/Joplin_Regional_Airport,
30971,3631,KLAS,large_airport,McCarran International Airport,36.08010101,-115.15200039999999,2181.0,,US,US-NV,Las Vegas,yes,KLAS,LAS,LAS,http://www.mccarran.com/,https://en.wikipedia.org/wiki/McCarran_International_Airport,
30973,3632,KLAX,large_airport,Los Angeles International Airport,33.942501,-118.407997,125.0,,US,US-CA,Los Angeles,yes,KLAX,LAX,LAX,https://www.flylax.com/,https://en.wikipedia.org/wiki/Los_Angeles_International_Airport,
30974,3633,KLBB,large_airport,Lubbock Preston Smith International Airport,33.663601,-101.822998,3282.0,,US,US-TX,Lubbock,yes,KLBB,LBB,LBB,http://www.flylia.com/,https://en.wikipedia.org/wiki/Lubbock_Preston_Smith_International_Airport,
30985,3638,KLCK,large_airport,Rickenbacker International Airport,39.813801,-82.927803,744.0,,US,US-OH,Columbus,yes,KLCK,LCK,LCK,http://rickenbackerinlandport.com/en/rickenbacker-international-airport/,https://en.wikipedia.org/wiki/Rickenbacker_International_Airport,Lockbourne Army Air Field
30993,3640,KLEX,large_airport,Blue Grass Airport,38.0364990234375,-84.60590362548828,979.0,,US,US-KY,Lexington,yes,KLEX,LEX,LEX,http://www.bluegrassairport.com/,https://en.wikipedia.org/wiki/Blue_Grass_Airport,
30994,3641,KLFI,large_airport,Langley Air Force Base,37.082901000999996,-76.360496521,11.0,,US,US-VA,Hampton,no,KLFI,LFI,LFI,http://www.langleyafb.us/,https://en.wikipedia.org/wiki/Langley_Field,Langley Field
30996,3642,KLFT,large_airport,Lafayette Regional Airport,30.20529938,-91.98760223,42.0,,US,US-LA,Lafayette,yes,KLFT,LFT,LFT,http://www.lftairport.com/Home,https://en.wikipedia.org/wiki/Lafayette_Regional_Airport,
30997,3643,KLGA,large_airport,La Guardia Airport,40.777198999999996,-73.872597,21.0,,US,US-NY,New York,yes,KLGA,LGA,LGA,https://www.laguardiaairport.com/,https://en.wikipedia.org/wiki/LaGuardia_Airport,"Manhattan, New York City, NYC, Glenn H. Curtiss Airport, North Beach Airport, La Guardia"
31012,3645,KLIT,large_airport,Bill & Hillary Clinton National Airport/Adams Field,34.729400634799994,-92.22429656979999,262.0,,US,US-AR,Little Rock,yes,KLIT,LIT,LIT,,https://en.wikipedia.org/wiki/Little_Rock_National_Airport,
31059,3657,KLTS,large_airport,Altus Air Force Base,34.667098999000004,-99.26670074459999,1382.0,,US,US-OK,Altus,no,KLTS,LTS,LTS,http://www.altus.af.mil/,https://en.wikipedia.org/wiki/Altus_Air_Force_Base,
31062,3658,KLUF,large_airport,Luke Air Force Base,33.534999847399995,-112.383003235,1085.0,,US,US-AZ,Glendale,no,KLUF,LUF,LUF,http://www.luke.af.mil/,https://en.wikipedia.org/wiki/Luke_Air_Force_Base,
31168,3664,KMBS,large_airport,MBS International Airport,43.532901763916016,-84.07959747314453,668.0,,US,US-MI,Saginaw,yes,KMBS,MBS,MBS,http://www.mbsairport.org/,https://en.wikipedia.org/wiki/MBS_International_Airport,"Tri City Airport, Midland, Bay City"
31175,3667,KMCF,large_airport,Mac Dill Air Force Base,27.84930038,-82.52120209,14.0,,US,US-FL,Tampa,no,KMCF,MCF,MCF,http://www.macdill.af.mil/,https://en.wikipedia.org/wiki/MacDill_Air_Force_Base,"Southeast Air Base - Tampa, MacDill Field"
31176,3668,KMCI,large_airport,Kansas City International Airport,39.2976,-94.713898,1026.0,,US,US-MO,Kansas City,yes,KMCI,MCI,MCI,http://www.flykci.com/,https://en.wikipedia.org/wiki/Kansas_City_International_Airport,
31179,3670,KMCO,large_airport,Orlando International Airport,28.429399490356445,-81.30899810791016,96.0,,US,US-FL,Orlando,yes,KMCO,MCO,MCO,http://www.orlandoairports.net/,https://en.wikipedia.org/wiki/Orlando_International_Airport,"Disney World,Epcot Center"
31190,3673,KMDW,large_airport,Chicago Midway International Airport,41.785999,-87.752403,620.0,,US,US-IL,Chicago,yes,KMDW,MDW,MDW,https://www.flychicago.com/midway/home/pages/default.aspx,https://en.wikipedia.org/wiki/Midway_International_Airport,CHI
31195,3675,KMEM,large_airport,Memphis International Airport,35.04240036010742,-89.97669982910156,341.0,,US,US-TN,Memphis,yes,KMEM,MEM,MEM,,https://en.wikipedia.org/wiki/Memphis_International_Airport,
31207,3680,KMGE,large_airport,Dobbins Air Reserve Base,33.91540146,-84.51629639,1068.0,,US,US-GA,Marietta,no,KMGE,MGE,MGE,http://www.dobbins.afrc.af.mil/,https://en.wikipedia.org/wiki/Dobbins_Air_Reserve_Base,"Rickenbacker Field, Marietta AAF, Marietta AFB, Dobbins AFB"
31210,3681,KMGM,large_airport,Montgomery Regional (Dannelly Field) Airport,32.30059814,-86.39399719,221.0,,US,US-AL,Montgomery,yes,KMGM,MGM,MGM,http://www.flymgm.com/,https://en.wikipedia.org/wiki/Montgomery_Regional_Airport,
31220,3684,KMHT,large_airport,Manchester-Boston Regional Airport,42.932598,-71.435699,266.0,,US,US-NH,Manchester,yes,KMHT,MHT,MHT,,https://en.wikipedia.org/wiki/Manchester-Boston_Regional_Airport,
31222,3685,KMIA,large_airport,Miami International Airport,25.79319953918457,-80.29060363769531,8.0,,US,US-FL,Miami,yes,KMIA,MIA,MIA,http://www.miami-airport.com/,https://en.wikipedia.org/wiki/Miami_International_Airport,"MFW, South Florida"
31235,3690,KMKE,large_airport,General Mitchell International Airport,42.94720077514648,-87.89659881591797,723.0,,US,US-WI,Milwaukee,yes,KMKE,MKE,MKE,,https://en.wikipedia.org/wiki/General_Mitchell_International_Airport,
31250,3695,KMLI,large_airport,Quad City International Airport,41.44850158691406,-90.50749969482422,590.0,,US,US-IL,Moline,yes,KMLI,MLI,MLI,,https://en.wikipedia.org/wiki/Quad_City_International_Airport,
31255,3697,KMLU,large_airport,Monroe Regional Airport,32.51089859008789,-92.0376968383789,79.0,,US,US-LA,Monroe,yes,KMLU,MLU,MLU,,https://en.wikipedia.org/wiki/Monroe_Regional_Airport,
31276,3700,KMOB,large_airport,Mobile Regional Airport,30.691200256348,-88.242797851562,219.0,,US,US-AL,Mobile,yes,KMOB,MOB,MOB,http://www.mobairport.com/,https://en.wikipedia.org/wiki/Mobile_Regional_Airport,
31307,3707,KMSN,large_airport,Dane County Regional Truax Field,43.13990020751953,-89.3375015258789,887.0,,US,US-WI,Madison,yes,KMSN,MSN,MSN,,https://en.wikipedia.org/wiki/Dane_County_Regional_Airport,
31309,3709,KMSP,large_airport,Minneapolis-St Paul International/Wold-Chamberlain Airport,44.882,-93.221802,841.0,,US,US-MN,Minneapolis,yes,KMSP,MSP,MSP,http://www.mspairport.com/,https://en.wikipedia.org/wiki/Minneapolis–Saint_Paul_International_Airport,
31312,3711,KMSY,large_airport,Louis Armstrong New Orleans International Airport,29.99340057373047,-90.25800323486328,4.0,,US,US-LA,New Orleans,yes,KMSY,MSY,MSY,,https://en.wikipedia.org/wiki/Louis_Armstrong_New_Orleans_International_Airport,
31325,3715,KMUO,large_airport,Mountain Home Air Force Base,43.043597999999996,-115.872002,2996.0,,US,US-ID,Mountain Home,no,KMUO,MUO,MUO,http://www.mountainhome.af.mil/,https://en.wikipedia.org/wiki/Mountain_Home_Air_Force_Base,
31501,3744,KOAK,large_airport,Metropolitan Oakland International Airport,37.721298,-122.221001,9.0,,US,US-CA,Oakland,yes,KOAK,OAK,OAK,http://www.oaklandairport.com/,https://en.wikipedia.org/wiki/Oakland_International_Airport,"QSF, QBA"
31529,3747,KOKC,large_airport,Will Rogers World Airport,35.39310073852539,-97.60070037841795,1295.0,,US,US-OK,Oklahoma City,yes,KOKC,OKC,OKC,,https://en.wikipedia.org/wiki/Will_Rogers_World_Airport,
31548,3751,KOMA,large_airport,Eppley Airfield,41.3032,-95.89409599999999,984.0,,US,US-NE,Omaha,yes,KOMA,OMA,OMA,,https://en.wikipedia.org/wiki/Eppley_Airfield,
31557,3752,KONT,large_airport,Ontario International Airport,34.05599975585937,-117.60099792480469,944.0,,US,US-CA,Ontario,yes,KONT,ONT,ONT,,https://en.wikipedia.org/wiki/LA/Ontario_International_Airport,
31571,3754,KORD,large_airport,Chicago O'Hare International Airport,41.9786,-87.9048,672.0,,US,US-IL,Chicago,yes,KORD,ORD,ORD,https://www.flychicago.com/ohare/home/pages/default.aspx,https://en.wikipedia.org/wiki/O'Hare_International_Airport,"CHI, Orchard Place"
31573,3755,KORF,large_airport,Norfolk International Airport,36.89459991455078,-76.20120239257812,26.0,,US,US-VA,Norfolk,yes,KORF,ORF,ORF,,https://en.wikipedia.org/wiki/Norfolk_International_Airport,
31716,3765,KPAM,large_airport,Tyndall Air Force Base,30.0695991516,-85.57540130619998,17.0,,US,US-FL,Panama City,no,KPAM,PAM,PAM,http://www.tyndall.af.mil/,https://en.wikipedia.org/wiki/Tyndall_Air_Force_Base,
31723,3766,KPBI,large_airport,Palm Beach International Airport,26.68320083618164,-80.09559631347656,19.0,,US,US-FL,West Palm Beach,yes,KPBI,PBI,PBI,,https://en.wikipedia.org/wiki/Palm_Beach_International_Airport,"MFW, South Florida"
31733,3768,KPDX,large_airport,Portland International Airport,45.58869934,-122.59799960000001,31.0,,US,US-OR,Portland,yes,KPDX,PDX,PDX,,https://en.wikipedia.org/wiki/Portland_International_Airport,
31747,3770,KPHF,large_airport,Newport News Williamsburg International Airport,37.13190079,-76.49299622,42.0,,US,US-VA,Newport News,yes,KPHF,PHF,PHF,,https://en.wikipedia.org/wiki/Newport_News/Williamsburg_International_Airport,
31751,3771,KPHL,large_airport,Philadelphia International Airport,39.87189865112305,-75.24109649658203,36.0,,US,US-PA,Philadelphia,yes,KPHL,PHL,PHL,http://www.phl.org/,https://en.wikipedia.org/wiki/Philadelphia_International_Airport,
31755,3772,KPHX,large_airport,Phoenix Sky Harbor International Airport,33.43429946899414,-112.01200103759766,1135.0,,US,US-AZ,Phoenix,yes,KPHX,PHX,PHX,http://phoenix.gov/skyharborairport/,https://en.wikipedia.org/wiki/Phoenix_Sky_Harbor_International_Airport,
31756,3773,KPIA,large_airport,General Wayne A. Downing Peoria International Airport,40.664199829100006,-89.6932983398,660.0,,US,US-IL,Peoria,yes,KPIA,PIA,PIA,,https://en.wikipedia.org/wiki/General_Wayne_A._Downing_Peoria_International_Airport,Peoria International Airport
31763,3778,KPIT,large_airport,Pittsburgh International Airport,40.49150085,-80.23290253,1203.0,,US,US-PA,Pittsburgh,yes,KPIT,PIT,PIT,,https://en.wikipedia.org/wiki/Pittsburgh_International_Airport,
31839,3795,KPVD,large_airport,Theodore Francis Green State Airport,41.732601,-71.42040300000001,55.0,,US,US-RI,Providence,yes,KPVD,PVD,PVD,,https://en.wikipedia.org/wiki/T._F._Green_Airport,
31852,3796,KPWM,large_airport,Portland International Jetport,43.646198,-70.309303,76.0,,US,US-ME,Portland,yes,KPWM,PWM,PWM,,https://en.wikipedia.org/wiki/Portland_International_Jetport,
32944,3844,KRDU,large_airport,Raleigh Durham International Airport,35.877601623535156,-78.7874984741211,435.0,,US,US-NC,Raleigh/Durham,yes,KRDU,RDU,RDU,,https://en.wikipedia.org/wiki/Raleigh-Durham_International_Airport,
32948,3845,KRFD,large_airport,Chicago Rockford International Airport,42.19540023803711,-89.09719848632812,742.0,,US,US-IL,Chicago/Rockford,yes,KRFD,RFD,RFD,,https://en.wikipedia.org/wiki/Chicago/Rockford_International_Airport,
32955,3847,KRIC,large_airport,Richmond International Airport,37.50519943237305,-77.3197021484375,167.0,,US,US-VA,Richmond,yes,KRIC,RIC,RIC,,https://en.wikipedia.org/wiki/Richmond_International_Airport,
32978,3852,KRND,large_airport,Randolph Air Force Base,29.52969933,-98.27890015,761.0,,US,US-TX,Universal City,no,KRND,RND,RND,http://www.military.com/base-guide/randolph-air-force-base,https://en.wikipedia.org/wiki/Randolph_Air_Force_Base,
32981,3853,KRNO,large_airport,Reno Tahoe International Airport,39.49909973144531,-119.76799774169922,4415.0,,US,US-NV,Reno,yes,KRNO,RNO,RNO,,https://en.wikipedia.org/wiki/Reno-Tahoe_International_Airport,
32985,3854,KROA,large_airport,Roanoke–Blacksburg Regional Airport,37.3255,-79.975403,1175.0,,US,US-VA,Roanoke,yes,KROA,ROA,ROA,http://www.roanokeairport.com/,https://en.wikipedia.org/wiki/Roanoke%E2%80%93Blacksburg_Regional_Airport,Woodrum Field
32986,3855,KROC,large_airport,Greater Rochester International Airport,43.118900299072266,-77.67240142822266,559.0,,US,US-NY,Rochester,yes,KROC,ROC,ROC,,https://en.wikipedia.org/wiki/Greater_Rochester_International_Airport,
33005,3857,KRST,large_airport,Rochester International Airport,43.90829849243164,-92.5,1317.0,,US,US-MN,Rochester,yes,KRST,RST,RST,,https://en.wikipedia.org/wiki/Rochester_International_Airport,
33007,3858,KRSW,large_airport,Southwest Florida International Airport,26.53619956970215,-81.75520324707031,30.0,,US,US-FL,Fort Myers,yes,KRSW,RSW,RSW,http://www.flylcpa.com/,https://en.wikipedia.org/wiki/Southwest_Florida_International_Airport,
33081,3862,KSAN,large_airport,San Diego International Airport,32.7336006165,-117.190002441,17.0,,US,US-CA,San Diego,yes,KSAN,SAN,SAN,http://www.san.org/,https://en.wikipedia.org/wiki/San_Diego_International_Airport,Lindbergh Field
33083,3863,KSAT,large_airport,San Antonio International Airport,29.533701,-98.469803,809.0,,US,US-TX,San Antonio,yes,KSAT,SAT,SAT,https://www.sanantonio.gov/aviation,https://en.wikipedia.org/wiki/San_Antonio_International_Airport,
33084,3864,KSAV,large_airport,Savannah Hilton Head International Airport,32.12760162,-81.20210266,50.0,,US,US-GA,Savannah,yes,KSAV,SAV,SAV,,https://en.wikipedia.org/wiki/Savannah/Hilton_Head_International_Airport,
33090,3868,KSBN,large_airport,South Bend Regional Airport,41.70869827270508,-86.31729888916016,799.0,,US,US-IN,South Bend,yes,KSBN,SBN,SBN,,https://en.wikipedia.org/wiki/South_Bend_Regional_Airport,
33104,3873,KSDF,large_airport,Louisville Muhammad Ali International Airport,38.1744,-85.736,501.0,,US,US-KY,Louisville,yes,KSDF,SDF,SDF,http://www.flylouisville.com,https://en.wikipedia.org/wiki/Louisville_International_Airport,"Louisville International, Standiford Field"
33108,3875,KSEA,large_airport,Seattle Tacoma International Airport,47.449001,-122.308998,433.0,,US,US-WA,Seattle,yes,KSEA,SEA,SEA,http://www.portseattle.org/seatac/,https://en.wikipedia.org/wiki/Seattle–Tacoma_International_Airport,
33118,3876,KSFB,large_airport,Orlando Sanford International Airport,28.7775993347168,-81.23750305175781,55.0,,US,US-FL,Orlando,yes,KSFB,SFB,SFB,,https://en.wikipedia.org/wiki/Orlando_Sanford_International_Airport,
33121,3878,KSFO,large_airport,San Francisco International Airport,37.61899948120117,-122.375,13.0,,US,US-CA,San Francisco,yes,KSFO,SFO,SFO,http://www.flysfo.com/,https://en.wikipedia.org/wiki/San_Francisco_International_Airport,"QSF, QBA"
33126,3879,KSGF,large_airport,Springfield Branson National Airport,37.24570084,-93.38860321,1268.0,,US,US-MO,Springfield,yes,KSGF,SGF,SGF,,https://en.wikipedia.org/wiki/Springfield/Branson_National_Airport,
33142,3883,KSJC,large_airport,Norman Y. Mineta San Jose International Airport,37.362598,-121.929001,62.0,,US,US-CA,San Jose,yes,KSJC,SJC,SJC,http://www.flysanjose.com/,https://en.wikipedia.org/wiki/San_Jose_International_Airport,"QSF, QBA"
33146,3885,KSKA,large_airport,Fairchild Air Force Base,47.6151008606,-117.65599823,2461.0,,US,US-WA,Spokane,no,KSKA,SKA,SKA,http://www.fairchild.af.mil/,https://en.wikipedia.org/wiki/Fairchild_Air_Force_Base,
33152,3887,KSLC,large_airport,Salt Lake City International Airport,40.78839874267578,-111.97799682617188,4227.0,,US,US-UT,Salt Lake City,yes,KSLC,SLC,SLC,,https://en.wikipedia.org/wiki/Salt_Lake_City_International_Airport,
33164,3892,KSMF,large_airport,Sacramento International Airport,38.69540023803711,-121.59100341796876,27.0,,US,US-CA,Sacramento,yes,KSMF,SMF,SMF,,https://en.wikipedia.org/wiki/Sacramento_International_Airport,
33170,3894,KSNA,large_airport,John Wayne Airport-Orange County Airport,33.67570114,-117.86799620000001,56.0,,US,US-CA,Santa Ana,yes,KSNA,SNA,SNA,http://www.ocair.com/,https://en.wikipedia.org/wiki/John_Wayne_Airport,"Disney, Disneyland, Orange County"
33187,3897,KSPI,large_airport,Abraham Lincoln Capital Airport,39.84410095,-89.67790222,598.0,,US,US-IL,Springfield,yes,KSPI,SPI,SPI,,https://en.wikipedia.org/wiki/Abraham_Lincoln_Capital_Airport,
33188,3898,KSPS,large_airport,Sheppard Air Force Base-Wichita Falls Municipal Airport,33.9888,-98.49189799999999,1019.0,,US,US-TX,Wichita Falls,yes,KSPS,SPS,SPS,http://www.flywichitafalls.net/,https://en.wikipedia.org/wiki/Wichita_Falls_Municipal_Airport,Sheppard Air Force Base
33197,3899,KSRQ,large_airport,Sarasota Bradenton International Airport,27.39539909362793,-82.55439758300781,30.0,,US,US-FL,Sarasota/Bradenton,yes,KSRQ,SRQ,SRQ,,https://en.wikipedia.org/wiki/Sarasota-Bradenton_International_Airport,
33199,3901,KSSC,large_airport,Shaw Air Force Base,33.97269821,-80.47059631,241.0,,US,US-SC,Sumter,no,KSSC,SSC,SSC,http://www.shaw.af.mil/,https://en.wikipedia.org/wiki/Shaw_Air_Force_Base,
33209,3905,KSTL,large_airport,St Louis Lambert International Airport,38.748697,-90.370003,618.0,,US,US-MO,St Louis,yes,KSTL,STL,STL,https://www.flystl.com/,https://en.wikipedia.org/wiki/St._Louis_Lambert_International_Airport,Lambert St Louis
33217,3907,KSUS,large_airport,Spirit of St Louis Airport,38.662101745605,-90.652000427246,463.0,,US,US-MO,St Louis,no,KSUS,SUS,SUS,http://spiritairport.com/spiritairport/index.jsp,https://en.wikipedia.org/wiki/Spirit_of_St._Louis_Airport,
33219,3908,KSUU,large_airport,Travis Air Force Base,38.262699127196996,-121.92700195312,62.0,,US,US-CA,Fairfield,no,KSUU,SUU,SUU,http://www.travis.af.mil/,https://en.wikipedia.org/wiki/Travis_Air_Force_Base,
33221,3909,KSUX,large_airport,Sioux Gateway Airport/Brigadier General Bud Day Field,42.402599,-96.384399,1098.0,,US,US-IA,Sioux City,yes,KSUX,SUX,SUX,https://www.sioux-city.org/government/departments-a-f/airport,https://en.wikipedia.org/wiki/Sioux_Gateway_Airport,"Col. Bud Day, Sioux City AB, Sioux City AAB"
33236,3913,KSYR,large_airport,Syracuse Hancock International Airport,43.11119842529297,-76.1063003540039,421.0,,US,US-NY,Syracuse,yes,KSYR,SYR,SYR,http://www.syrairport.org/,https://en.wikipedia.org/wiki/Syracuse_Hancock_International_Airport,
33238,3914,KSZL,large_airport,Whiteman Air Force Base,38.73030090332,-93.547897338867,870.0,,US,US-MO,Knob Noster,no,KSZL,SZL,SZL,http://www.whiteman.af.mil/,https://en.wikipedia.org/wiki/Whiteman_Air_Force_Base,Sedalia Glider Base
33288,3918,KTCM,large_airport,McChord Air Force Base,47.1376991272,-122.475997925,322.0,,US,US-WA,Tacoma,no,KTCM,TCM,TCM,,https://en.wikipedia.org/wiki/McChord_Air_Force_Base,
33307,3921,KTIK,large_airport,Tinker Air Force Base,35.414699554443004,-97.386596679688,1291.0,,US,US-OK,Oklahoma City,no,KTIK,TIK,TIK,http://www.tinker.af.mil/,https://en.wikipedia.org/wiki/Tinker_Air_Force_Base,Midwest Air Depot
33317,3924,KTLH,large_airport,Tallahassee Regional Airport,30.396499633789066,-84.35030364990234,81.0,,US,US-FL,Tallahassee,yes,KTLH,TLH,TLH,,https://en.wikipedia.org/wiki/Tallahassee_Regional_Airport,
33331,3925,KTOL,large_airport,Toledo Express Airport,41.58679962,-83.80780029,683.0,,US,US-OH,Toledo,yes,KTOL,TOL,TOL,,https://en.wikipedia.org/wiki/Toledo_Express_Airport,
33334,3926,KTPA,large_airport,Tampa International Airport,27.975500106811523,-82.533203125,26.0,,US,US-FL,Tampa,yes,KTPA,TPA,TPA,,https://en.wikipedia.org/wiki/Tampa_International_Airport,
33341,3928,KTRI,large_airport,Tri-Cities Regional TN/VA Airport,36.475201,-82.40740100000001,1519.0,,US,US-TN,Bristol/Johnson/Kingsport,yes,KTRI,TRI,TRI,,https://en.wikipedia.org/wiki/Tri-Cities_Regional_Airport,
33353,3930,KTUL,large_airport,Tulsa International Airport,36.19839859008789,-95.88809967041016,677.0,,US,US-OK,Tulsa,yes,KTUL,TUL,TUL,,https://en.wikipedia.org/wiki/Tulsa_International_Airport,
33355,3932,KTUS,large_airport,Tucson International Airport / Morris Air National Guard Base,32.115004,-110.938053,2643.0,,US,US-AZ,Tucson,yes,KTUS,TUS,TUS,https://www.flytucson.com/,https://en.wikipedia.org/wiki/Tucson_International_Airport,"tucson, tucson international, morris angb"
33371,3938,KTYS,large_airport,McGhee Tyson Airport,35.81100082,-83.99400329999999,981.0,,US,US-TN,Knoxville,yes,KTYS,TYS,TYS,,https://en.wikipedia.org/wiki/McGhee_Tyson_Airport,
33453,3944,KVBG,large_airport,Vandenberg Air Force Base,34.7373008728,-120.583999634,369.0,,US,US-CA,Lompoc,no,KVBG,VBG,VBG,,https://en.wikipedia.org/wiki/Vandenberg_Air_Force_Base,
33481,3948,KVPS,large_airport,Destin-Ft Walton Beach Airport,30.4832,-86.525398,87.0,,US,US-FL,Valparaiso,yes,KVPS,VPS,VPS,http://www.flyvps.com/,https://en.wikipedia.org/wiki/Destin%E2%80%93Fort_Walton_Beach_Airport,Eglin AFB
33531,3951,KWRB,large_airport,Robins Air Force Base,32.640098571799996,-83.59190368649999,294.0,,US,US-GA,Warner Robins,no,KWRB,WRB,WRB,http://www.robins.af.mil/,https://en.wikipedia.org/wiki/Robins_Air_Force_Base,
42112,5360,PAFA,large_airport,Fairbanks International Airport,64.81510162,-147.85600280000003,439.0,,US,US-AK,Fairbanks,yes,PAFA,FAI,FAI,,https://en.wikipedia.org/wiki/Fairbanks_International_Airport,
42187,5388,PANC,large_airport,Ted Stevens Anchorage International Airport,61.174400329589844,-149.99600219726562,152.0,,US,US-AK,Anchorage,yes,PANC,ANC,ANC,,https://en.wikipedia.org/wiki/Ted_Stevens_Anchorage_International_Airport,
42770,5453,PHNL,large_airport,Daniel K Inouye International Airport,21.32062,-157.924228,13.0,,US,US-HI,Honolulu,yes,PHNL,HNL,HNL,http://airports.hawaii.gov/hnl/,https://en.wikipedia.org/wiki/Daniel_K._Inouye_International_Airport,"Hickam Air Force Base, HIK, PHIK, KHNL, Honolulu International"
